Data_da_previsao,Real,Naive,Média móvel 7 dias,Random Forest padrão,Gradient Boosting padrão,Random Forest anterior (200 árvores),Random Forest - Grid Search,Random Forest - Random Search
2025-08-09,33.0,35.0,28.285714285714285,42.18313888888889,32.70126038889719,42.10692658730159,29.76621504194662,29.76621504194662
2025-08-10,32.0,33.0,27.428571428571427,29.59251948051948,30.3300264797603,30.018622835497837,29.715721099972047,29.715721099972047
2025-08-11,22.0,32.0,26.857142857142858,26.585166666666666,28.380826310619653,26.526583333333324,29.492503861822392,29.492503861822392
2025-08-12,17.0,22.0,27.285714285714285,19.685214285714284,23.571352107182697,20.473773809523806,23.176844980826278,23.176844980826278
2025-08-13,19.0,17.0,26.571428571428573,19.652250000000002,20.530223569491582,19.445085317460318,21.17924848576364,21.17924848576364
2025-08-14,17.0,19.0,25.428571428571427,22.135190476190477,21.655230517282003,22.046369047619045,21.69156749756149,21.69156749756149
2025-08-15,35.0,17.0,25.0,19.652250000000002,20.530223569491582,19.445085317460318,21.17924848576364,21.17924848576364
2025-08-16,35.0,35.0,25.0,32.17105952380952,31.215664380588024,32.480999458874464,30.010305840908337,30.010305840908337
2025-08-17,37.0,35.0,25.285714285714285,32.17105952380952,31.215664380588024,32.480999458874464,30.010305840908337,30.010305840908337
2025-08-18,17.0,37.0,26.0,29.188746031746028,30.418443806338075,28.824290584415586,29.463630749473992,29.463630749473992
2025-08-19,18.0,17.0,25.285714285714285,20.43,19.909902011537277,20.517916666666668,20.784116147656377,20.784116147656377
2025-08-20,15.0,18.0,25.428571428571427,19.00375,20.530223569491582,18.486017857142862,21.17924848576364,21.17924848576364
2025-08-21,17.0,15.0,24.857142857142858,14.060857142857143,15.223613534385029,14.209178571428573,19.79693834331462,19.79693834331462
2025-08-22,34.0,17.0,24.857142857142858,25.200111111111113,20.645189626079084,24.709608585858582,21.17924848576364,21.17924848576364
2025-08-23,35.0,34.0,24.714285714285715,27.421166666666668,30.3300264797603,27.080583333333333,30.010305840908337,30.010305840908337
2025-08-24,30.0,35.0,24.714285714285715,29.089333333333332,31.215664380588024,28.966535714285715,30.010305840908337,30.010305840908337
2025-08-25,21.0,30.0,23.714285714285715,20.779007936507934,28.29488077595614,21.124400432900437,28.853709887107602,28.853709887107602
2025-08-26,22.0,21.0,24.285714285714285,17.214250000000003,22.361014989330727,17.205041666666666,23.474431921904554,23.474431921904554
2025-08-27,19.0,22.0,24.857142857142858,27.426626984126997,24.815220926549244,27.537436507936512,23.5754866731492,23.5754866731492
2025-08-28,23.0,19.0,25.428571428571427,22.323499999999996,20.530223569491582,22.370500000000003,21.511127790378353,21.511127790378353
2025-08-29,30.0,23.0,26.285714285714285,14.406488095238096,20.888541815905317,14.074494047619044,23.07266981742758,23.07266981742758
2025-08-30,29.0,30.0,25.714285714285715,20.779007936507934,28.29488077595614,21.124400432900437,28.853709887107602,28.853709887107602
2025-08-31,27.0,29.0,24.857142857142858,23.321353174603175,28.031677977158605,22.918732142857138,28.73843210932982,28.73843210932982
2025-09-01,22.0,27.0,24.428571428571427,30.34622619047619,30.21856590146981,30.135269175269176,29.552183292289843,29.552183292289843
2025-09-02,19.0,22.0,24.571428571428573,27.426626984126997,24.815220926549244,27.537436507936512,23.5754866731492,23.5754866731492
2025-09-03,17.0,19.0,24.142857142857142,15.825357142857142,20.645189626079084,15.893767857142862,21.511127790378353,21.511127790378353
2025-09-04,18.0,17.0,23.857142857142858,25.200111111111113,20.645189626079084,24.709608585858582,21.17924848576364,21.17924848576364
2025-09-05,29.0,18.0,23.142857142857142,25.084130952380946,23.07430655625057,25.385732142857137,21.52494805010226,21.52494805010226
2025-09-06,40.0,29.0,23.0,25.96112698412698,28.070056157265,25.619444444444454,29.161129625991183,29.161129625991183
2025-09-07,33.0,40.0,24.571428571428573,33.50483333333334,33.17641493023281,33.51146428571429,36.250101965082166,36.250101965082166
2025-09-08,17.0,33.0,25.428571428571427,31.436861111111117,29.958729779438094,31.827507936507935,28.57196809976551,28.57196809976551
2025-09-09,19.0,17.0,24.714285714285715,22.254857142857137,21.655230517282003,21.58255952380952,21.359688192946777,21.359688192946777
2025-09-10,19.0,19.0,24.714285714285715,19.203333333333333,18.841424647542425,19.1375,21.003982631758277,21.003982631758277
2025-09-11,18.0,19.0,25.0,15.825357142857142,20.645189626079084,15.893767857142862,21.511127790378353,21.511127790378353
2025-09-12,30.0,18.0,25.0,16.650666666666666,18.841424647542425,16.602333333333334,20.784116147656377,20.784116147656377
2025-09-13,33.0,30.0,25.142857142857142,35.69138095238095,28.33326636400975,36.37119047619048,27.659462944926496,27.659462944926496
2025-09-14,38.0,33.0,24.142857142857142,26.78964285714285,30.3300264797603,26.531154761904762,30.010305840908337,30.010305840908337
2025-09-15,21.0,38.0,24.857142857142858,34.1525,34.214599858231885,34.26141666666667,33.15356668990126,33.15356668990126
2025-09-16,22.0,21.0,25.428571428571427,24.374485569985566,24.26726732042406,24.136959054834055,23.07416905639087,23.07416905639087
2025-09-17,15.0,22.0,25.857142857142858,19.580571428571428,11.149519328340281,19.532160714285713,22.264927514176843,22.264927514176843
2025-09-18,14.0,15.0,25.285714285714285,19.34990476190476,17.941460260776548,19.413880952380953,20.525948186357983,20.525948186357983
2025-09-19,32.0,14.0,24.714285714285715,13.235,18.404330122649224,13.355833333333335,20.88365763280686,20.88365763280686
2025-09-20,32.0,32.0,25.0,23.846833333333333,27.52812467416669,24.31441666666667,29.291118752222996,29.291118752222996
2025-09-21,35.0,32.0,24.857142857142858,29.60778968253969,30.67749269920768,29.67049404761906,29.79992360070598,29.79992360070598
2025-09-22,12.0,35.0,24.428571428571427,32.99329365079365,31.215664380588024,32.98331349206349,29.883797118492538,29.883797118492538
2025-09-23,21.0,12.0,23.142857142857142,10.449583333333335,15.278297818304095,10.642851190476192,15.591306344726553,15.591306344726553
2025-09-24,16.0,21.0,23.0,28.678682539682544,24.709638779371925,28.222359126984124,23.17834421978956,23.17834421978956
2025-09-25,16.0,16.0,23.142857142857142,16.035500000000003,17.48552452419407,16.353416666666668,20.525948186357983,20.525948186357983
2025-09-26,29.0,16.0,23.428571428571427,22.206416666666666,21.899698859074846,21.772624999999998,21.011915521808177,21.011915521808177
2025-09-27,27.0,29.0,23.0,27.62780627705628,27.82055135935528,27.293415320790324,28.853709887107602,28.853709887107602
2025-09-28,34.0,27.0,22.285714285714285,32.74047619047619,30.784120259870363,32.53016666666666,29.43690551451206,29.43690551451206
2025-09-29,17.0,34.0,22.142857142857142,36.187424603174605,31.81562248806946,36.42102290764791,29.76621504194662,29.76621504194662
2025-09-30,13.0,17.0,22.857142857142858,22.356190476190477,20.92832939655306,22.100119047619046,21.26035959687475,21.26035959687475
2025-10-01,13.0,13.0,21.714285714285715,13.727,19.678504727491543,13.750166666666667,19.01069260487048,19.01069260487048
2025-10-02,16.0,13.0,21.285714285714285,14.871859307359305,20.65382996733721,15.02864393939394,19.432216414394293,19.432216414394293
2025-10-03,37.0,16.0,21.285714285714285,27.045773809523812,26.19367172739671,26.768053571428574,21.50833479925352,21.50833479925352
2025-10-04,31.0,37.0,22.428571428571427,24.42655555555556,27.985571586330405,24.149638888888894,29.5284145852772,29.5284145852772
2025-10-05,28.0,31.0,23.0,24.41,26.95368096510663,24.823166666666665,28.652324777508205,28.652324777508205
2025-10-06,16.0,28.0,22.142857142857142,29.274333333333335,29.341363063707483,28.821888888888893,29.608632231375108,29.608632231375108
2025-10-07,16.0,16.0,22.0,20.167690476190476,19.222042939739097,19.99067857142857,20.91258692573615,20.91258692573615
2025-10-08,9.0,16.0,22.428571428571427,20.167690476190476,19.222042939739097,19.99067857142857,20.91258692573615,20.91258692573615
2025-10-09,17.0,9.0,21.857142857142858,12.88287266899767,14.328908298152168,13.039789509102011,14.246987147425616,14.246987147425616
2025-10-10,32.0,17.0,22.0,22.356190476190477,20.92832939655306,22.100119047619046,21.26035959687475,21.26035959687475
2025-10-11,35.0,32.0,21.285714285714285,34.34119047619048,30.67749269920768,35.02434523809525,29.926432323121777,29.926432323121777
2025-10-12,38.0,35.0,21.857142857142858,30.068492063492048,31.215664380588024,30.337849206349205,30.010305840908337,30.010305840908337
2025-10-13,21.0,38.0,23.285714285714285,33.60864646464647,34.214599858231885,34.228659812409816,33.00478036511493,33.00478036511493
2025-10-14,17.0,21.0,24.0,24.160333333333334,22.970492047338887,23.88236904761905,23.474431921904554,23.474431921904554
2025-10-15,14.0,17.0,24.142857142857142,22.356190476190477,20.92832939655306,22.100119047619046,21.26035959687475,21.26035959687475
2025-10-16,25.0,14.0,24.857142857142858,13.45633333333333,19.39512107204444,13.394166666666667,20.88365763280686,20.88365763280686
2025-10-17,33.0,25.0,26.0,25.513777777777772,24.6316351623367,25.427773809523806,23.81315347408016,23.81315347408016
2025-10-18,33.0,33.0,26.142857142857142,35.00233333333333,30.3300264797603,34.66158333333333,30.010305840908337,30.010305840908337
2025-10-19,33.0,33.0,25.857142857142858,36.59983333333333,30.3300264797603,36.57241666666667,30.010305840908337,30.010305840908337
2025-10-20,19.0,33.0,25.142857142857142,29.465119047619044,30.3300264797603,29.496958333333314,29.883797118492538,29.883797118492538
2025-10-21,18.0,19.0,24.857142857142858,22.323499999999996,20.530223569491582,22.370500000000003,21.511127790378353,21.511127790378353
2025-10-22,17.0,18.0,25.0,21.96951190476191,21.655230517282003,21.94758928571429,21.359688192946777,21.359688192946777
2025-10-23,17.0,17.0,25.428571428571427,22.356190476190477,20.92832939655306,22.100119047619046,21.26035959687475,21.26035959687475
2025-10-24,33.0,17.0,24.285714285714285,16.908,20.739937575049062,17.193357142857142,21.52494805010226,21.52494805010226
2025-10-25,32.0,33.0,24.285714285714285,29.465119047619044,30.3300264797603,29.496958333333314,29.883797118492538,29.883797118492538
2025-10-26,31.0,32.0,24.142857142857142,30.704257575757588,30.67749269920768,30.614323232323226,29.631847582185486,29.631847582185486
2025-10-27,19.0,31.0,23.857142857142858,27.00631346431347,28.54438557386586,27.50482100171071,28.993053607470696,28.993053607470696
2025-10-28,18.0,19.0,23.857142857142858,19.203333333333333,18.841424647542425,19.1375,21.003982631758277,21.003982631758277
2025-10-29,23.0,18.0,23.857142857142858,21.416440476190477,20.92832939655306,20.984839285714287,21.26035959687475,21.26035959687475
2025-10-30,11.0,23.0,24.714285714285715,26.191095238095237,24.943973946483048,25.966892857142852,23.5975913740039,23.5975913740039
2025-10-31,37.0,11.0,23.857142857142858,10.55490476190476,11.102947888598536,10.833702380952381,11.699572818480421,11.699572818480421
2025-11-01,38.0,37.0,24.428571428571427,24.42655555555556,27.985571586330405,24.149638888888894,29.5284145852772,29.5284145852772
2025-11-02,28.0,38.0,25.285714285714285,34.1525,34.214599858231885,34.26141666666667,33.15356668990126,33.15356668990126
2025-11-03,18.0,28.0,24.857142857142858,31.94291666666666,29.341363063707483,31.646920634920633,29.482123508959315,29.482123508959315
2025-11-04,19.0,18.0,24.714285714285715,21.96951190476191,21.655230517282003,21.94758928571429,21.359688192946777,21.359688192946777
2025-11-05,16.0,19.0,24.857142857142858,26.258730158730156,23.07430655625057,26.1829246031746,21.85682735471698,21.85682735471698
2025-11-06,18.0,16.0,23.857142857142858,16.035500000000003,17.48552452419407,16.353416666666668,20.525948186357983,20.525948186357983
2025-11-07,32.0,18.0,24.857142857142858,16.650666666666666,18.841424647542425,16.602333333333334,20.784116147656377,20.784116147656377
2025-11-08,40.0,32.0,24.142857142857142,35.86,30.67749269920768,35.89094047619048,29.926432323121777,29.926432323121777
2025-11-09,38.0,40.0,24.428571428571427,36.18,36.17655019186285,35.721833333333336,36.250101965082166,36.250101965082166
2025-11-10,24.0,38.0,25.857142857142858,33.60864646464647,34.214599858231885,34.228659812409816,33.00478036511493,33.00478036511493
2025-11-11,23.0,24.0,26.714285714285715,26.358,25.408094509220117,26.331976190476194,23.835258174934857,23.835258174934857
2025-11-12,17.0,23.0,27.285714285714285,26.418642857142864,25.229544072001524,26.572693362193373,23.5754866731492,23.5754866731492
2025-11-13,19.0,17.0,27.428571428571427,25.200111111111113,20.645189626079084,24.709608585858582,21.17924848576364,21.17924848576364
2025-11-14,37.0,19.0,27.571428571428573,17.5225,18.07773661721558,17.445833333333333,21.96759658548621,21.96759658548621
2025-11-15,32.0,37.0,28.285714285714285,28.191373015873022,29.871186720919418,28.339654040404042,29.69649060379769,29.69649060379769
2025-11-16,38.0,32.0,27.142857142857142,31.22071428571429,30.67749269920768,31.265515873015882,29.926432323121777,29.926432323121777
2025-11-17,21.0,38.0,27.142857142857142,32.734833333333334,34.214599858231885,32.6549761904762,33.00478036511493,33.00478036511493
2025-11-18,20.0,21.0,26.714285714285715,28.678682539682544,24.709638779371925,28.222359126984124,23.17834421978956,23.17834421978956
2025-11-19,24.0,20.0,26.285714285714285,18.723670634920637,21.702772354185775,18.69024007936508,23.474431921904554,23.474431921904554
2025-11-20,23.0,24.0,27.285714285714285,31.468611111111112,25.693664634738592,31.646222222222228,23.81315347408016,23.81315347408016
2025-11-21,36.0,23.0,27.857142857142858,26.418642857142864,25.229544072001524,26.572693362193373,23.5754866731492,23.5754866731492
2025-11-22,41.0,36.0,27.714285714285715,24.4905,30.082088371879465,25.197916666666664,29.929056540143836,29.929056540143836
2025-11-23,34.0,41.0,29.0,33.329178571428564,36.17655019186285,32.324597222222216,36.250101965082166,36.250101965082166
2025-11-24,24.0,34.0,28.428571428571427,36.187424603174605,31.81562248806946,36.42102290764791,29.76621504194662,29.76621504194662
2025-11-25,24.0,24.0,28.857142857142858,28.806119047619045,23.29163673071507,28.37355952380952,23.310336618358548,23.310336618358548
2025-11-26,22.0,24.0,29.428571428571427,22.647238095238095,23.574776501189046,22.523702380952376,23.310336618358548,23.310336618358548
2025-11-27,24.0,22.0,29.142857142857142,24.169238095238097,24.120374535492417,24.326880952380954,23.5975913740039,23.5975913740039
2025-11-28,34.0,24.0,29.285714285714285,28.806119047619045,23.29163673071507,28.37355952380952,23.310336618358548,23.310336618358548
2025-11-29,41.0,34.0,29.0,34.365071428571426,30.3300264797603,34.43241071428571,29.883797118492538,29.883797118492538
2025-11-30,38.0,41.0,29.0,33.329178571428564,36.17655019186285,32.324597222222216,36.250101965082166,36.250101965082166
2025-12-01,22.0,38.0,29.571428571428573,32.734833333333334,34.214599858231885,32.6549761904762,33.00478036511493,33.00478036511493
2025-12-02,27.0,22.0,29.285714285714285,26.953908730158737,24.405944661010892,26.549125000000007,23.5754866731492,23.5754866731492
2025-12-03,22.0,27.0,29.714285714285715,33.57056349206349,30.21856590146981,34.0399126984127,29.691527012652937,29.691527012652937
2025-12-04,20.0,22.0,29.714285714285715,17.98014285714286,21.642856886727618,18.20586742424243,23.07266981742758,23.07266981742758
2025-12-05,35.0,20.0,29.142857142857142,27.272868686868684,25.006517119576817,27.192924603174603,23.07416905639087,23.07416905639087
2025-12-06,41.0,35.0,29.285714285714285,32.17105952380952,31.215664380588024,32.480999458874464,30.010305840908337,30.010305840908337
2025-12-07,36.0,41.0,29.285714285714285,33.329178571428564,36.17655019186285,32.324597222222216,36.250101965082166,36.250101965082166
2025-12-08,30.0,36.0,29.0,31.671047619047616,30.60457075108618,31.414440476190475,29.929056540143836,29.929056540143836
2025-12-09,19.0,30.0,30.142857142857142,29.908946553446555,28.54438557386586,30.29394712232213,28.993053607470696,28.993053607470696
2025-12-10,30.0,19.0,29.0,26.258730158730156,23.07430655625057,26.1829246031746,21.85682735471698,21.85682735471698
2025-12-11,26.0,30.0,30.142857142857142,25.971567765567766,28.54438557386586,26.401277028527016,29.161129625991183,29.161129625991183
2025-12-12,40.0,26.0,31.0,24.433269841269833,25.315484807829858,24.64282539682539,24.657258757337992,24.657258757337992
2025-12-13,39.0,40.0,31.714285714285715,33.730333333333334,36.17655019186285,33.63683333333333,36.39888828986849,36.39888828986849
2025-12-14,42.0,39.0,31.428571428571427,38.2665,37.051112218374264,38.14996428571428,36.250101965082166,36.250101965082166
2025-12-15,26.0,42.0,32.285714285714285,37.338666666666676,36.69903257106957,38.783869047619056,36.75530503047778,36.75530503047778
2025-12-16,30.0,26.0,31.714285714285715,26.580596681096686,25.824867085397518,26.372106296481284,24.54904672466167,24.54904672466167
2025-12-17,27.0,30.0,33.285714285714285,35.73366666666666,28.98514333206348,35.7782619047619,28.73843210932982,28.73843210932982
2025-12-18,27.0,27.0,32.857142857142854,30.34622619047619,30.21856590146981,30.135269175269176,29.552183292289843,29.552183292289843
2025-12-19,41.0,27.0,33.0,31.443500000000004,30.21856590146981,31.113625000000003,29.859603031173425,29.859603031173425
2025-12-20,42.0,41.0,33.142857142857146,34.050019841269844,36.17655019186285,34.13868452380952,36.39888828986849,36.39888828986849
2025-12-21,43.0,42.0,33.57142857142857,37.338666666666676,36.69903257106957,38.783869047619056,36.75530503047778,36.75530503047778
2025-12-22,23.0,43.0,33.714285714285715,38.994238095238096,35.98881095939773,38.301428571428566,37.958255707161676,37.958255707161676
2025-12-23,24.0,23.0,33.285714285714285,20.168573315573322,24.060905855726944,19.854717032967034,23.5754866731492,23.5754866731492
2025-12-24,30.0,24.0,32.42857142857143,26.47733333333333,25.426521155067643,26.24316666666666,23.94429160958531,23.94429160958531
2025-12-25,29.0,30.0,32.857142857142854,25.971567765567766,28.54438557386586,26.401277028527016,29.161129625991183,29.161129625991183
2025-12-26,43.0,29.0,33.142857142857146,29.872714285714288,27.37980100910487,30.331879870129875,27.659462944926496,27.659462944926496
2025-12-27,44.0,43.0,33.42857142857143,39.07600000000001,37.05310157582382,38.611,37.211709689028716,37.211709689028716
2025-12-28,45.0,44.0,33.714285714285715,33.557761904761904,37.05310157582382,33.73046428571428,37.32371286867895,37.32371286867895
2025-12-29,27.0,45.0,34.0,40.05866666666667,39.65104338496316,40.15958333333332,39.07207624495606,39.07207624495606
2025-12-30,27.0,27.0,34.57142857142857,33.57056349206349,30.21856590146981,34.0399126984127,29.691527012652937,29.691527012652937
2025-12-31,30.0,27.0,35.0,32.74047619047619,30.784120259870363,32.53016666666666,29.43690551451206,29.43690551451206
